SRE,LRE,GLN,RLN,RP,LGRE,HGRE,SRLGE,SRHGE,LRLGE,LRHGE,mean,variance,skewness,kurtosis,energy,F1,F2,F3,F4,F5,F6,F7,F8,F9,F10,F11,F12,F13,F14,F15,F16,F17,F18,F19,F20,F21,F22,class
0.063968104,20.07222677,1310.875601,3142.710314,4.32431075,0.338783469,327.2965596,0.02513958,17.9519564,6.245466368,6518.757174,4.430003372,0.583879861,-0.278381765,3.325909697,0.373543941,16255.16795,46.83971896,0.966637177,0.966637177,24283685.01,-45803.78061,3.682999219,0.000901863,7.516601006,0.402133369,0.326174568,0.002866814,16282.82771,249.6132992,62436.5455,5.326923801,46.83971896,2.375658633,-0.382721846,0.985536984,0.986237044,0.999319125,abnormal
0.122272694,15.761769,10238.88891,19944.25054,12.88566452,0.30731493,327.0175091,0.04614556,50.0270809,4.544086536,5888.69158,3.905555822,1.663058872,0.013450291,3.012474568,0.220592321,13492.13118,53.48329872,0.987014093,0.987014093,200823591.4,12549.0787,4.357041645,0.000406809,8.277571032,0.367108735,0.288126719,0.001861915,13525.86075,214.1007094,51536.94066,5.88436415,53.48329872,2.550930948,-0.407114827,0.992604811,0.983705147,0.999218275,abnormal
0.073800189,23.04279554,14542.71917,23353.28051,17.59285451,0.32154255,121.188212,0.029547237,6.368846873,6.747557347,3228.470672,4.82238758,1.855407156,0.082634737,2.875806714,0.212768027,21892.82294,111.7551545,0.975951914,0.975951914,241290626.7,76078.78899,6.047070946,0.000360941,8.617995845,0.320064838,0.240194757,0.007852875,21953.21081,280.1795089,84401.90181,5.91793291,111.7551545,2.847782131,-0.354572051,0.987573434,0.977819021,0.998416974,abnormal
0.133970812,11.32052262,2363.2134,5069.759182,4.362094074,0.387849632,900.1645841,0.060976276,100.9375814,3.979372478,10191.84716,3.300622791,0.662322694,-0.128002566,2.664640175,0.344160431,7962.024327,24.42334218,0.98414117,0.98414117,30004550.98,-6446.27833,2.913074697,0.001079547,7.36704999,0.434955217,0.362225635,0.004696709,7973.666748,169.7592104,30083.76229,5.352911508,24.42334218,2.184254529,-0.422042978,0.990173835,0.988961116,0.999636368,abnormal
0.077672929,19.32723723,1345.675887,2646.580415,4.554779825,0.337891287,234.5249575,0.031049935,15.09251017,6.137531858,4641.182034,4.31859568,1.104086503,-0.109181932,2.717288439,0.263267989,16109.78438,77.80039291,0.970776068,0.970776068,71902277.16,-49810.75977,4.37163638,0.000560768,7.944364423,0.389174802,0.313705614,0.001927104,16156.62822,243.4553205,61791.01922,5.664290447,77.80039291,2.508685667,-0.405238747,0.991053282,0.983919684,0.998891819,abnormal
0.213465244,7.574701197,579.3496001,1427.690566,2.31226929,0.377270964,638.7459665,0.104288175,127.3270127,2.491995742,3967.407152,2.564678098,0.528066486,0.977942619,3.592043592,0.420161617,3972.268126,40.65086542,0.961356652,0.961356652,18958507.5,114652.1726,2.871759589,0.002231721,6.861883126,0.495366204,0.433321537,0.009698772,3995.449835,117.7552787,14767.83015,5.04142742,40.65086542,2.109397727,-0.431572501,0.988338399,0.98932439,0.99940094,abnormal
0.152773455,19.88311282,7300.353991,6478.964373,11.3014606,0.412543135,246.4385865,0.072099328,62.27208471,7.410390766,3051.406681,3.8825316,3.649566083,0.599448867,2.250880359,0.171136991,15746.47818,184.1663899,0.980246117,0.980246117,742462677.9,1473495.398,5.986472059,0.000574952,8.519832136,0.37177645,0.298649232,0.012832276,15868.12766,211.4643585,60655.18822,6.032412103,184.1663899,2.751991202,-0.405925835,0.993374016,0.978761108,0.99758899,abnormal
0.081609105,23.18057246,5605.537406,4378.649866,11.02774068,0.504794742,21.53216648,0.051625454,1.197181287,10.53485981,502.4279403,4.77386873,1.625078807,-0.073507084,2.892119554,0.225752233,20878.15999,707.5291409,0.826638097,0.826638097,154029830.1,40655.77236,15.18190879,0.000192601,9.123618637,0.227837802,0.159619754,0.001262045,21200.32756,277.0669578,81021.69827,5.83342769,707.5291409,3.691439272,-0.236064918,0.955008429,0.948974609,0.990492745,abnormal
0.12546272,21.08812419,3278.877975,2281.121305,8.243909129,0.479614797,28.91116474,0.072688926,2.394172677,9.140924188,708.2277747,4.495696342,2.720642223,-0.130085802,2.162446527,0.164604825,19730.07254,661.394365,0.907280257,0.907280257,397686063.8,-154270.2845,13.15337174,0.000173824,9.116516571,0.253926565,0.183086026,0.002182073,20069.21443,256.8685575,76492.62058,6.08500302,661.394365,3.512544458,-0.314150928,0.982725855,0.955964865,0.991654476,abnormal
0.131051104,17.84978322,8866.559598,6196.044098,14.17350075,0.508318996,23.92428098,0.079843318,2.692758286,8.26996153,371.0802968,3.976941281,2.157608591,0.248332672,2.407598701,0.187105863,14947.01617,63.39862647,0.912559533,0.912559533,11819841,-67967.8213,4.846865176,0.001309507,7.295777562,0.356168552,0.277871541,0.00547037,14973.78141,241.7951191,57505.09614,4.901656437,63.39862647,2.649939382,-0.276787607,0.950410219,0.981944759,0.999053091,abnormal
0.114956912,15.29308751,1511.271592,1935.726696,5.071771177,0.433786575,81.78315947,0.064180624,5.739650073,6.05704338,1393.653553,3.927009407,0.921994528,-0.031028783,3.079618048,0.294870655,12560.23534,268.4204874,0.882059758,0.882059758,51814973.45,-16841.67494,7.977086982,0.000494556,8.189556033,0.314674895,0.238815484,0.002543846,12682.32898,215.0049484,48167.41373,5.517050323,268.4204874,3.034191639,-0.314908164,0.975973184,0.972026165,0.996381952,abnormal
0.10323699,16.53148218,2524.901374,3865.264646,5.648382028,0.38669792,441.4368808,0.048361281,31.02346252,5.946150439,7400.259824,4.001869892,1.0136611,0.55165345,4.393330197,0.303550932,13056.20598,85.55143945,0.965361989,0.965361989,109761127.2,233169.0171,4.054239124,0.000822168,7.741678872,0.410911599,0.337855397,0.002984479,13098.4975,217.8481796,49918.16351,5.561539653,85.55143945,2.405338269,-0.413841253,0.991094265,0.985210802,0.998821963,abnormal
0.107320691,23.87583791,2565.534056,2914.143249,6.410730122,0.378896962,202.7763865,0.063329465,23.75132278,8.032627369,3854.168244,4.529557594,2.662223189,0.120915636,2.410787774,0.172263911,19902.06499,111.712515,0.982814391,0.982814391,378029894.2,162707.4493,4.979465957,0.000447189,8.267983445,0.373951052,0.298006241,0.00239297,19981.81869,258.5920914,76697.15947,5.912340397,111.712515,2.612889128,-0.418928433,0.993671613,0.981918047,0.998466851,abnormal
0.101569983,17.0937894,820.2037704,1556.785609,4.156047696,0.325933088,219.2022493,0.038330132,18.60164917,5.161694801,3676.68174,4.032022433,1.30701306,0.157152139,2.833792978,0.246044703,14024.16554,76.67273237,0.976041677,0.976041677,109979218.5,100800.3727,4.532452416,0.000514111,8.04547842,0.375231885,0.297370544,0.001955065,14071.47573,223.2703257,53638.04658,5.751707047,76.67273237,2.547063946,-0.412941363,0.992234444,0.98328731,0.99890491,abnormal
0.05554001,26.62225278,2727.039057,3040.986242,7.431891642,0.467035109,44.17829774,0.033165495,1.49180002,10.88136023,1543.754273,5.420814383,1.20113147,-0.37750901,3.200451295,0.259593502,27773.38795,433.62263,0.861174389,0.861174389,99608378.75,-51382.06986,11.36663319,0.000309535,8.656272378,0.26850165,0.19684217,0.004756482,28023.47707,325.138171,107864.5001,5.682141079,433.62263,3.401346482,-0.276744719,0.968020864,0.960808604,0.99405563,abnormal
0.092134883,21.84567588,4500.420641,3453.852147,9.391015856,0.510315246,40.8667925,0.0563412,5.525618872,10.10662428,956.4474893,4.510312131,2.868326364,0.108810688,2.52375349,0.182449142,19905.63677,719.2210312,0.900413879,0.900413879,493945338.3,171171.9932,14.65876231,0.000858635,8.967862032,0.262346511,0.196913607,0.025292139,20274.68633,258.0981942,77331.90271,5.898255892,719.2210312,3.623354587,-0.295193319,0.976893263,0.9510244,0.990499964,abnormal
0.107466832,17.55780047,4968.576813,5695.535567,10.19141708,0.434485233,38.63812642,0.057503358,2.955255413,6.811062367,713.9868887,4.158547855,1.340737165,-0.118528539,3.229864851,0.257220089,15001.27025,340.8454438,0.89798082,0.89798082,135631504.4,-73854.36547,10.83844033,0.000261528,8.870984712,0.254943585,0.181272934,0.001663491,15179.05052,232.3908861,57706.77698,5.749375939,340.8454438,3.388979515,-0.254948797,0.961040104,0.96193039,0.99517693,abnormal
0.116954106,19.28359988,5449.822504,4229.444478,12.0823309,0.50670581,19.34259549,0.072738662,1.448686526,8.742639453,395.9846017,4.360435223,1.658064756,-0.416821734,2.89875762,0.22263567,16891.11742,847.127473,0.795393358,0.795393358,157987724.8,-266084.3072,15.9895666,0.000207492,9.079321177,0.226078074,0.158408621,0.00347392,17327.98818,246.9412913,65576.88723,5.80794616,847.127473,3.724167749,-0.234003914,0.952649694,0.947048954,0.989116819,abnormal
0.11011867,19.06330462,4224.926652,3670.469085,9.042015141,0.480199592,55.34325884,0.065594837,9.418534903,8.105313841,675.1277737,4.161557686,2.08076065,-0.031889268,2.500163151,0.197477385,15885.91338,489.5768422,0.906714231,0.906714231,247526843.6,-59394.15844,12.31529025,0.00038388,8.887079834,0.27011711,0.201291805,0.008845676,16114.30811,232.4412002,61341.47045,5.864169655,489.5768422,3.472324503,-0.290284307,0.974715114,0.957810319,0.993227542,abnormal
0.121743431,19.22357325,5608.747609,4006.571783,11.09293667,0.501260952,20.92398778,0.072077347,2.994342441,8.723983906,377.2348554,4.226573053,2.21664128,0.242648472,2.859917218,0.192693679,16518.69714,765.8045456,0.861171388,0.861171388,299157644.8,355053.0334,15.80298044,0.000182241,9.248097238,0.224377448,0.157180343,0.004591643,16916.80006,237.8432295,64036.58702,5.969569114,765.8045456,3.72884794,-0.252430545,0.963881507,0.94712401,0.989841183,abnormal
0.10618401,20.26693303,2665.183278,2633.214034,7.44550616,0.433321264,63.82802216,0.062650678,2.800920771,7.352093321,1864.92982,4.839317332,1.791857649,-0.477088063,3.100278678,0.232380691,22070.00878,276.5380734,0.938885467,0.938885467,228218637.3,-391453.234,9.153898786,0.000398695,8.642851909,0.296285037,0.222979655,0.002956282,22180.18019,282.465622,85282.91145,5.855488741,276.5380734,3.195953775,-0.330089552,0.983285436,0.967730404,0.996049911,abnormal
0.063368408,25.30651974,1897.358246,3242.093385,5.671921379,0.298924569,306.0537089,0.022596369,26.62381081,6.929438362,5776.275359,4.637239345,2.478108443,0.286604865,2.06936776,0.185789,20953.99269,44.79312549,0.992937466,0.992937466,315855673.8,382610.9075,4.183434423,0.000403589,8.313547775,0.371156095,0.292276778,0.004543812,21001.96413,266.9148329,80704.54132,5.979389911,44.79312549,2.517354687,-0.429644337,0.994638267,0.984288582,0.999327426,abnormal
0.10162226,15.99124941,1258.550047,1932.436074,4.709544144,0.423223749,82.9296582,0.05140828,7.397869917,6.344367404,1248.546154,3.855340506,0.907506417,-0.402220748,3.227266048,0.312813136,12141.37035,170.6908864,0.919749296,0.919749296,54228462.62,-142962.7419,7.046690427,0.000585882,8.09039859,0.328912173,0.254512695,0.003736829,12234.61585,211.3156285,46453.32143,5.472377931,170.6908864,2.958998423,-0.315483144,0.975274531,0.974649617,0.997567108,abnormal
0.09374144,19.43425285,2636.922299,5206.595362,6.028204846,0.323271466,393.1239783,0.035012222,29.21706399,6.027018266,6933.884284,4.189819235,1.203234734,-0.000634034,3.447093344,0.265189514,15234.33704,44.21526673,0.984981527,0.984981527,118022841,-19201.40847,3.592631746,0.000666197,7.902822762,0.410160437,0.335612084,0.003583186,15253.30508,234.8146797,58325.5383,5.725376913,44.21526673,2.354359235,-0.431529006,0.993431353,0.986561924,0.999350511,abnormal
0.069020486,19.04853727,2368.010397,5721.022491,5.803380911,0.318534595,650.0005506,0.024415853,36.78241921,5.710150654,15108.51634,4.477276645,1.091288399,-0.020785372,2.040027703,0.256999741,17311.43359,28.01940681,0.988835026,0.988835026,51021985.56,-3650.322339,2.840454309,0.000867044,7.497876869,0.447422847,0.376580984,0.003462456,17333.16802,253.5432153,66496.17092,5.53801547,28.01940681,2.145361459,-0.455491064,0.993929687,0.989285723,0.999586753,abnormal
0.098293545,17.82255425,1279.853235,2072.527141,4.429276064,0.342405584,320.4075778,0.04128519,21.02589914,5.393862505,6711.872387,4.299257502,1.699808849,0.206728645,2.122500989,0.21778671,16583.71402,30.88602355,0.993022427,0.993022427,151847046.1,150104.7628,2.884358555,0.000762922,7.700434299,0.448949751,0.378575921,0.004121197,16586.40345,239.9028111,63634.47622,5.761629561,30.88602355,2.153557433,-0.484840743,0.996350169,0.98914803,0.999547873,abnormal
0.138849189,19.95576937,4540.576415,4167.304926,9.524486812,0.394504285,72.26716903,0.061909041,12.77097891,7.260633016,2103.477837,4.2137267,3.993955242,0.412191928,2.308596764,0.147795865,18625.62181,203.502133,0.979291176,0.979291176,838469444.8,1082375.426,8.15790359,0.000408294,8.900722057,0.301002075,0.226193136,0.01183579,18751.39015,235.0838203,71878.42138,6.092915185,203.502133,3.120068472,-0.354252457,0.989015761,0.970748515,0.997075295,abnormal
0.117681677,25.22863231,2161.759321,2810.343904,7.100394708,0.305689888,136.0162807,0.051763064,8.388712705,6.635687468,4255.964414,5.033725319,3.635433451,-0.161041071,1.884248634,0.147796013,26311.95747,81.27696913,0.991164719,0.991164719,596401879.2,-537001.8665,5.100537061,0.000417856,8.529468752,0.355170045,0.277246988,0.008829793,26373.8724,295.0034182,101765.4567,6.103147322,81.27696913,2.681995602,-0.426082771,0.994989638,0.981160669,0.9988143,abnormal
0.143836863,22.36148317,1806.059889,2281.45831,5.62257552,0.343206999,199.4216799,0.064497708,24.75343164,7.002229975,4236.82369,4.412101676,3.404937359,-0.230733566,1.659774715,0.194908113,20044.4906,79.35316294,0.99112997,0.99112997,504751009.9,-635455.8316,4.61874453,0.00043209,8.302368936,0.373815764,0.296730022,0.001746178,20076.02739,249.9111358,77314.80426,5.958139552,79.35316294,2.571196625,-0.426485124,0.994357996,0.982979745,0.998872696,abnormal
0.122375453,15.61069186,1160.424919,1536.711065,4.33029657,0.407441043,143.1560942,0.061525744,15.1327316,6.11363323,1866.271514,3.653952411,1.396916247,0.8307767,3.789880078,0.291402022,11213.21288,253.2939227,0.926804373,0.926804373,168632184,470244.0406,6.682257242,0.00058785,8.099830125,0.351312617,0.275637106,0.003505471,11385.02969,196.0694945,42921.35868,5.652950461,253.2939227,2.807791402,-0.374884518,0.987952573,0.976765245,0.996733632,abnormal
0.134065539,13.26297428,7206.085958,14446.84753,11.6532404,0.316789058,217.8096469,0.055448638,39.13453796,3.918064214,2048.755288,3.341592237,1.232739557,0.179022571,2.230300447,0.249204305,9107.273289,101.6648835,0.965601007,0.965601007,72595046.93,98658.32296,5.141300646,0.000544454,8.116233209,0.357985701,0.280002361,0.003810081,9154.78857,175.2751428,34589.52911,5.628019477,101.6648835,2.664515403,-0.36101797,0.985472852,0.981194075,0.998581153,abnormal
0.23611921,12.61724395,1138.087067,1114.860099,4.642132442,0.439323503,78.57462405,0.122992152,12.37451271,5.367522463,907.687285,3.233340438,1.720239651,0.136695935,1.995109137,0.225898509,8882.879045,201.9872703,0.954166681,0.954166681,129591711.8,90186.55367,7.288117545,0.000570439,8.21755869,0.336785512,0.263248848,0.00834003,8991.029709,164.7006112,33888.04083,5.701151007,201.9872703,2.965094546,-0.371331066,0.987915297,0.974056826,0.997144452,abnormal
0.083034528,18.9656497,863.9224407,1273.488619,4.106984863,0.371117741,108.2344062,0.035198434,8.834087302,6.665293822,1942.78455,4.144227694,1.482822719,0.075334556,2.253842803,0.22155583,15271.25656,134.6050401,0.962961378,0.962961378,106459540.8,106441.9344,5.778774302,0.000698359,8.07547629,0.36779972,0.294247617,0.008660516,15345.58764,232.5758513,58602.85242,5.695379876,134.6050401,2.755803273,-0.393822145,0.990347556,0.97912241,0.998101314,abnormal
0.068401431,21.02350269,5124.056221,7929.422082,10.28052012,0.393591177,66.42371601,0.032873656,3.631569867,7.664034843,1485.301545,4.582438356,0.994669671,0.133660889,3.483461915,0.287398188,18323.45723,250.6036197,0.894743087,0.894743087,70285993.23,77408.75798,8.388917891,0.000345805,8.52337117,0.284972814,0.207111842,0.001565982,18450.29686,262.7403861,70634.74416,5.596804391,250.6036197,3.127151688,-0.271011231,0.964382696,0.970248489,0.996617379,abnormal
0.078314615,26.10346752,2945.137497,4430.2139,7.617560138,0.336997764,148.4985723,0.039153691,6.273753811,7.569033106,4564.925989,5.210222723,1.797923524,-0.209941369,3.01339717,0.214093429,25979.20774,134.4105722,0.9704947,0.9704947,245981889.7,-204483.3408,5.503404924,0.000375507,8.408617383,0.345498759,0.26622458,0.001659355,26069.46133,308.3440909,100444.5431,5.905039491,134.4105722,2.716848388,-0.388442287,0.991179959,0.980084436,0.998244877,abnormal
0.143775821,15.07670586,4616.574441,5751.003666,7.929220287,0.408917593,345.3883039,0.071023349,35.44337352,6.012998343,4239.221805,3.509841668,1.138168934,0.82345076,5.385144571,0.298685778,9789.511872,151.7075701,0.945930249,0.945930249,165050101.2,348389.5645,5.355331826,0.000662405,8.034535619,0.373315286,0.297721706,0.003102121,9864.900075,183.9856661,37274.7657,5.616004906,151.7075701,2.636769976,-0.37192012,0.987027504,0.980885498,0.997948606,abnormal
0.162724691,12.85027101,6741.803879,8212.157946,11.32681544,0.407391685,92.22924806,0.082388785,16.92093319,4.818061878,839.7428149,3.267941269,1.385914539,0.463039102,3.042949213,0.24038713,8651.60819,207.3885038,0.93993329,0.93993329,131161518.6,250811.9589,8.257533495,0.00028907,8.699628619,0.29619542,0.221077318,0.001439268,8752.166739,167.6821267,32917.91462,5.751928628,207.3885038,3.130902036,-0.286822692,0.972159969,0.970395973,0.997046157,abnormal
0.127163069,20.91941548,4300.245302,3940.849508,7.451966366,0.427099493,352.6723544,0.083420194,45.63919256,7.618418386,5372.010999,4.183087567,2.124565225,0.075904729,2.217984646,0.19308243,16227.35804,150.3868832,0.972763471,0.972763471,242248286.3,142582.8982,5.75642002,0.000489757,8.341857579,0.369346162,0.295288245,0.003574302,16305.20357,232.7252563,62357.43742,5.880237023,150.3868832,2.724614386,-0.396393753,0.991766856,0.979371605,0.997896362,abnormal
0.09241803,19.43126346,7722.384859,12524.62187,8.097613763,0.34069443,1437.30045,0.037661585,121.733639,5.86928829,24358.77661,4.146050026,1.892928551,0.542205469,2.766426665,0.213600553,15594.22421,32.94750981,0.993181767,0.993181767,248229276.3,602450.6554,2.198682499,0.000984929,7.506867589,0.499666022,0.43551942,0.005701656,15615.50307,229.7381784,59770.50034,5.817910113,32.94750981,1.885914811,-0.538056398,0.997995092,0.991784244,0.999587949,abnormal
0.117131849,18.9105019,11942.31658,14144.79838,15.25086349,0.358382559,116.5416248,0.050204903,10.67087762,6.338721174,2483.178375,4.235590551,2.392424718,-0.140440139,1.86692528,0.193326975,17127.36658,117.5175938,0.980500134,0.980500134,250969847.1,-165363.3713,6.319284114,0.000299463,8.654356765,0.315929849,0.23681528,0.001496457,17179.19918,238.1022973,65851.70061,5.901046921,117.5175938,2.891566492,-0.344656956,0.986166347,0.976850278,0.998315812,abnormal
0.091184001,21.8539831,1783.310687,2311.003577,5.320600389,0.346858324,243.9098896,0.037275012,25.64456646,6.897764033,4679.434884,4.331510989,2.767728669,0.089808226,1.788920147,0.175236024,18443.07547,59.61720191,0.991549804,0.991549804,330068170,194378.6755,4.204029064,0.000503622,8.208082784,0.391897954,0.316776625,0.003504681,18501.60414,244.5586404,70956.72883,5.950722747,59.61720191,2.495218497,-0.441894143,0.995202507,0.98438276,0.99912048,abnormal
0.181023749,19.21360815,919.1436693,1310.434999,4.655545544,0.304370835,127.7359854,0.074057256,11.13481599,4.997011559,2928.915107,4.359550562,2.563925287,-0.387678489,2.34878024,0.185317247,18310.83406,65.12390549,0.98996419,0.98996419,377422319.3,-589533.8978,4.691046932,0.000389889,8.336708358,0.356646516,0.277162335,0.001875506,18360.13298,245.765652,70401.55725,5.986894023,65.12390549,2.606844004,-0.428283329,0.994605035,0.982556745,0.999040814,abnormal
0.070605764,23.60418867,8093.844574,8015.050693,12.70794162,0.49302759,98.79649779,0.043468835,5.453204878,10.62893413,2670.086697,4.952626296,1.062539941,-0.705797416,5.663281898,0.321485372,22089.21881,504.7395536,0.804707313,0.804707313,131983702.1,-217503.8578,10.61082385,0.00049173,8.447184013,0.301757084,0.229342756,0.004855314,22344.56767,290.1662267,85690.80717,5.516212422,504.7395536,3.246710397,-0.264374148,0.960391181,0.964287924,0.993402683,abnormal
0.090524281,21.55966037,17443.64441,24898.9711,19.392353,0.334084381,122.5191576,0.036815291,23.47442747,6.527943329,2699.073645,4.551460106,2.361369579,-0.133016313,2.896024722,0.190717253,19898.03659,129.8380069,0.978273044,0.978273044,404867142.4,-188704.3719,6.295213992,0.000570416,8.673338725,0.326517096,0.248434891,0.016366256,19966.70652,260.576554,76643.60154,5.975380332,129.8380069,2.881700003,-0.363004358,0.989140323,0.977053275,0.998183992,abnormal
0.139727342,16.17322578,2469.015195,4471.285828,5.520879121,0.31277161,652.6195713,0.053524852,83.90257184,4.485706984,9519.930159,3.748804945,1.851330989,-0.050038845,2.101474461,0.202484183,12523.9244,31.68568352,0.993238036,0.993238036,180232196.2,-70624.91435,3.045093932,0.001177029,7.813363679,0.46112395,0.39333069,0.023333937,12538.87903,201.9688847,47813.05226,5.813080764,31.68568352,2.230667422,-0.480104251,0.996348628,0.988537009,0.999533921,abnormal
0.171047166,21.56813027,1641.796521,1288.121264,5.475807893,0.421340375,105.5690452,0.070515015,37.249305,8.686864341,1249.13284,3.704490834,4.118605173,0.368366936,2.170361382,0.144309153,15119.09463,193.8467756,0.98121588,0.98121588,884412265.2,1110252.256,6.556560987,0.002667234,8.228035471,0.399159443,0.333461363,0.043840684,15233.04957,200.5685017,58315.16581,5.959492443,193.8467756,2.825599165,-0.445359262,0.995449537,0.976758783,0.997330529,abnormal
0.107794295,19.69815937,1552.605493,2018.964307,4.448934998,0.39089955,275.1754287,0.0553344,27.34255805,6.976300535,5280.038307,4.236922122,2.062316558,-0.259670836,1.838962167,0.202162575,16342.48774,80.54445547,0.984921983,0.984921983,214370107.5,-439239.1122,4.330338649,0.000843221,7.946316592,0.418755385,0.348856659,0.009156795,16399.00107,234.2471226,62784.46719,5.76148561,80.54445547,2.486520908,-0.437790385,0.994096985,0.984130634,0.998835751,abnormal
0.084989805,20.02854359,3285.246282,3603.507256,8.384487393,0.456136749,37.52068799,0.048735505,2.04036171,8.289551089,865.3212721,4.544376408,1.160228088,-0.302371171,3.328039833,0.268218582,18087.50813,389.9132928,0.858914069,0.858914069,86111216.05,-99409.54487,10.93459794,0.000287833,8.703777997,0.258095953,0.184028414,0.001504602,18269.58154,260.0040624,69823.55376,5.670188549,389.9132928,3.380814977,-0.260781403,0.96195053,0.961970527,0.994699178,abnormal
0.097745919,24.63830086,4197.689074,3570.895565,8.843606859,0.441151459,63.33447214,0.059672723,4.476618831,9.58776728,1827.675467,4.98762643,2.341850708,-0.086349675,2.789572247,0.186597024,24195.92973,342.3108192,0.941444317,0.941444317,342001884.3,-70733.94236,9.28680616,0.000298355,8.841527743,0.305264929,0.232073552,0.005031842,24334.95157,292.8907492,93639.49102,6.013680393,342.3108192,3.173862718,-0.34044653,0.986423652,0.967811873,0.995327973,abnormal
0.088692058,23.63564877,1211.348994,1679.338517,3.936732392,0.352917763,391.0658667,0.049410991,22.69057032,6.900014615,9098.098414,4.711399933,1.793984725,0.380110573,2.916658764,0.219070534,20661.6171,216.5108603,0.952678953,0.952678953,222440975.1,364287.0308,4.274489969,0.000559001,7.976355673,0.411981256,0.337269274,0.003813087,20828.71126,271.8920114,79701.21524,5.877909426,216.5108603,2.346104594,-0.465742994,0.996004295,0.98529893,0.997870338,abnormal
0.227081219,11.79238329,1354.426959,2297.09674,3.851231751,0.354192857,717.076836,0.101836905,116.5502625,3.981831559,6461.398697,3.162626374,0.94073999,-0.045118256,2.676859534,0.295555844,7735.35972,62.70486798,0.976138348,0.976138348,60761061.56,-93906.60272,3.267606844,0.001047156,7.34408714,0.438554392,0.366778253,0.004171477,7759.50157,160.6714083,29307.42382,5.369825897,62.70486798,2.211985788,-0.435239958,0.99151694,0.987993015,0.999140044,abnormal
0.122338906,17.4688006,3228.6901,3052.599579,7.837705347,0.460560341,44.32241212,0.072598898,2.872370236,6.810788774,1087.921482,4.302867138,2.074709524,0.593453165,3.439625708,0.228090293,16982.50965,389.6492622,0.925059307,0.925059307,343514614,684438.2896,10.85052387,0.000414102,8.806429927,0.271317709,0.198970296,0.012617174,17153.06796,241.4795274,65520.7697,5.866612388,389.6492622,3.365730866,-0.305678106,0.978586766,0.962330957,0.994636117,abnormal
0.074840389,24.18009929,2310.674556,2636.271685,6.994701828,0.39762483,163.411661,0.038351691,11.68333903,8.38562368,3502.504176,4.730760725,2.23648117,0.264859076,2.518551251,0.197270127,21578.09677,188.5386351,0.966549348,0.966549348,305141671.3,261980.9744,6.923663231,0.000766929,8.420334062,0.374754492,0.305712491,0.011261561,21720.67925,274.6342239,83290.96229,5.907608977,188.5386351,2.900615126,-0.395715993,0.991954649,0.975348504,0.997296882,abnormal
0.121457402,13.31504236,1040.893198,2860.552557,3.899800888,0.301147004,451.7556952,0.040431807,48.42850039,3.711235016,5771.621662,3.493841668,1.437462619,1.379432234,5.479260096,0.303948272,10135.30482,36.01999402,0.98974281,0.98974281,289292912.6,917172.5308,3.311526455,0.000817004,7.655939686,0.416632035,0.341761389,0.003064292,10162.82093,183.3748699,38561.83052,5.58022886,36.01999402,2.283779382,-0.436734511,0.992997843,0.987552467,0.999471464,abnormal
0.119791056,18.14399211,2431.007736,2342.961527,6.390139508,0.473647294,66.41425985,0.073329593,3.894979658,7.384522164,1389.364755,4.38638134,1.305335564,-0.176961122,3.819726982,0.285548095,16914.6664,395.4299717,0.879331564,0.879331564,143974688.6,-16725.12366,10.61508363,0.000380049,8.553836322,0.276210716,0.202273775,0.002559529,17094.30297,248.7878788,65254.47756,5.691619504,395.4299717,3.320402495,-0.293030217,0.972678343,0.963315635,0.994533952,abnormal
0.080819778,21.79325694,2155.938837,3223.147377,5.158618557,0.33700372,571.717892,0.034106147,44.08617533,6.662152595,10562.88986,4.346721895,1.934669451,0.532707959,2.275155337,0.223663786,17574.16016,64.03611308,0.98722452,0.98722452,212958957,492052.1266,3.728847252,0.000627727,7.998301653,0.413180239,0.339470766,0.005006108,17591.19071,245.778205,67528.77575,5.830241884,64.03611308,2.359796577,-0.446603802,0.994906538,0.98623289,0.999109991,abnormal
0.157347237,10.96818817,1079.322692,2261.043729,4.606847426,0.354763507,153.5172732,0.06822817,18.46396948,3.526930439,1941.558026,3.265554299,1.305506084,0.837056395,3.033292161,0.291226368,8348.749005,83.18079435,0.97315622,0.97315622,112112484,502165.8644,4.378974866,0.00117102,7.6107509,0.40186433,0.327962404,0.009168372,8382.752894,165.4479357,31720.81364,5.399016411,83.18079435,2.505864575,-0.392050464,0.987428829,0.983947814,0.998824341,abnormal
0.098465879,16.46980374,2068.734224,4943.242217,5.995517713,0.296374708,349.156902,0.03647928,40.3215842,4.602262911,4574.162728,3.781603055,1.216225214,0.067961608,2.398723136,0.246080439,11994.38813,53.26594351,0.982653276,0.982653276,86038596.85,14136.6008,3.736839276,0.000565593,7.917134037,0.405379639,0.32956761,0.001938595,12018.61073,204.8001635,45715.57969,5.732667025,53.26594351,2.369140486,-0.431482009,0.99347804,0.986108519,0.999221741,abnormal
0.072722187,19.49416663,2884.337583,5917.06048,6.732791968,0.327231142,336.7310296,0.027579747,23.45305075,5.842625228,6184.244569,4.30216378,1.42013928,0.814264885,3.206119307,0.278287183,16472.08828,42.59547928,0.988027306,0.988027306,168884124.7,567921.6362,3.641011164,0.000721515,7.863065135,0.404891922,0.329177895,0.002926533,16499.11943,242.6161276,63210.49945,5.672808963,42.59547928,2.371145527,-0.423846145,0.992619496,0.986359601,0.999368285,abnormal
0.07903501,22.01721291,2571.647375,2367.985764,7.567833835,0.452750376,46.31467042,0.043272301,4.498547182,9.033310911,914.3390814,4.526400338,2.024065229,-0.136402171,2.11363943,0.195329595,19094.05903,381.5996176,0.925384733,0.925384733,193543450.5,-106426.3136,10.47880713,0.000230968,8.842518319,0.273401159,0.19985016,0.001330027,19279.33119,258.685589,73733.79378,5.912585212,381.5996176,3.321554119,-0.3148836,0.981209863,0.963645475,0.994797447,abnormal
0.098575135,21.19596851,2536.922004,2895.983355,6.85853679,0.4275955,66.39842757,0.051514999,3.562074663,7.957871735,1719.568879,4.744609938,1.546675514,-0.735101251,3.664839368,0.275656244,20704.24239,247.1868737,0.936135271,0.936135271,201765233.5,-498916.4276,8.681868326,0.000365492,8.545142301,0.287351341,0.211227655,0.002269623,20850.94411,274.9032693,79947.44247,5.728430908,247.1868737,3.163717547,-0.308346272,0.977310575,0.969172914,0.996522942,abnormal
0.080591368,20.06349438,1500.92269,2399.18054,4.92513922,0.34924356,202.2806961,0.031754628,15.16477951,6.805083437,3744.722763,4.218996116,1.437759279,0.130074679,2.570935704,0.228356895,15851.35978,88.53322561,0.974575077,0.974575077,111829271.5,125408.2007,4.439661598,0.000630926,7.972467852,0.398180331,0.324248108,0.004902672,15901.72693,237.9523519,60800.20507,5.729281639,88.53322561,2.503932026,-0.421496225,0.992836685,0.983779844,0.998741737,abnormal
0.104029112,18.54124222,4536.833269,5312.24881,10.63477332,0.405959869,68.51885694,0.057233463,5.170957916,6.758183689,1435.63268,4.308377288,1.451683126,-0.175514809,2.863731658,0.237521169,16506.82372,268.4837796,0.925455244,0.925455244,125279339.5,-89196.90164,8.405838293,0.000296193,8.672105978,0.287409154,0.20981464,0.001754789,16637.23461,243.6421794,63511.51414,5.782459216,268.4837796,3.121740978,-0.302728232,0.976810972,0.970320613,0.996455888,abnormal
0.089878154,18.67782504,2507.579714,4445.898077,6.809743779,0.319609865,236.1082126,0.034790939,17.60552261,5.502674629,5236.53449,4.351516353,1.774687054,-0.04206827,2.463178003,0.208275006,17491.92783,69.60543726,0.984421706,0.984421706,189618914.4,-40232.1103,4.780238347,0.000402353,8.330720821,0.366845216,0.289952924,0.001840971,17536.21152,247.3401154,67149.07929,5.90918293,69.60543726,2.618141957,-0.405208318,0.992641944,0.982280498,0.998962139,abnormal
0.066855542,22.43279674,2284.593958,3979.101041,6.273388474,0.371963366,153.2070873,0.032687597,7.463165115,7.433438434,3547.695875,4.787457446,0.9485913,0.201613189,3.552387114,0.301219592,20355.33743,172.8239656,0.923896207,0.923896207,66370555.77,88455.72672,6.324563551,0.000492327,8.189723426,0.329574155,0.250946065,0.001879964,20423.27737,277.8943882,78525.45107,5.577351624,172.8239656,2.842492005,-0.328932475,0.979552269,0.977314745,0.997763017,abnormal
0.097563126,15.75879807,1694.713604,3200.090683,5.174122807,0.359596118,202.6897845,0.040002286,17.39358964,5.149725205,3098.272807,3.855607666,0.95453155,-0.284813938,2.677511906,0.285053078,12087.98519,64.67985883,0.971748357,0.971748357,55777298.04,-117560.0118,4.984180668,0.000527622,8.048266835,0.351443505,0.273149958,0.002126731,12109.77128,209.5361337,46117.7293,5.559420401,64.67985883,2.678772665,-0.350417124,0.983341807,0.981432274,0.999031316,abnormal
0.090028485,18.93717094,2426.28864,4130.914046,5.74953601,0.342961155,357.9713294,0.035362728,36.71414414,6.360032237,5553.247371,4.014485294,1.458603201,0.11790716,2.787814132,0.233087282,14024.84142,59.7133813,0.983277199,0.983277199,132301453.8,66376.3617,3.758138183,0.000583971,7.94936261,0.409257872,0.334776158,0.002184304,14071.93115,221.5453274,53632.80295,5.776803225,59.7133813,2.362301029,-0.438445682,0.99411973,0.986091718,0.999142222,abnormal
0.158336896,15.20775446,803.0177994,1018.043296,3.727573529,0.385576999,147.0680219,0.081299959,17.64633701,5.402711201,2212.266251,3.66689329,1.711239151,-0.056235678,2.09893334,0.237451653,11682.33025,190.5020641,0.957186877,0.957186877,147558625,-48390.759,5.980733494,0.000486551,8.101672678,0.359979174,0.284460359,0.00213071,11822.64592,195.5158386,44710.61152,5.73377568,190.5020641,2.742244265,-0.401025286,0.991279541,0.97881701,0.997554745,abnormal
0.116805342,21.14725398,6370.377407,10233.17113,11.34558179,0.342270232,152.5687798,0.052850058,14.30148961,6.330638311,3563.75974,4.581626844,1.829279425,-0.884769197,3.528962266,0.259528392,19394.73508,96.00450495,0.978721247,0.978721247,282524156.6,-811596.4571,5.267965458,0.000507551,8.28626499,0.351851971,0.273824311,0.001997354,19440.59299,262.1977374,74687.33146,5.760532255,96.00450495,2.698456066,-0.367256707,0.987747573,0.980669275,0.998621564,abnormal
0.158873059,13.6558826,2355.844427,2610.513236,6.061186225,0.436401788,144.1659865,0.095614035,16.39648444,5.212269086,1693.195966,3.52185179,1.260968015,0.608630483,2.960962059,0.295879538,9936.849856,274.1755566,0.911661428,0.911661428,102207722.2,352856.301,7.077984269,0.000573792,8.185544624,0.342402341,0.26699287,0.003183274,10079.30618,184.6278037,37982.39675,5.60756143,274.1755566,2.876302912,-0.343114481,0.982864768,0.975433722,0.996494038,abnormal
0.085316134,19.92909723,2690.9908,3431.040321,6.827674897,0.450266842,60.77321701,0.049602164,2.938785777,7.980130287,1411.129425,4.601754475,0.898759644,-0.301249375,4.846169013,0.355926141,18336.79939,400.0474693,0.817426245,0.817426245,74118704.73,-47444.48741,9.942760064,0.000481587,8.349975156,0.283851397,0.208983212,0.002542539,18525.63915,264.1301509,70884.58705,5.475789067,400.0474693,3.247712633,-0.265580609,0.959981035,0.965769035,0.994761697,normal
0.070538561,18.56613426,1027.989847,1692.443215,3.712777429,0.426863377,186.2680068,0.036347544,10.51361823,7.106842298,3544.602445,4.339832274,0.56818477,0.120467643,3.293273332,0.381863255,15401.40272,114.9727313,0.907773343,0.907773343,15655896.11,29155.48037,5.470596616,0.000718509,7.71852319,0.348247334,0.269656366,0.002825111,15443.95167,243.603909,59186.68123,5.257601306,114.9727313,2.721872837,-0.319517317,0.972872383,0.980069128,0.998396537,normal
0.058124205,23.67408373,614.8091465,1065.89678,3.020232372,0.404936206,132.3963505,0.029619036,6.195853819,8.890891425,3121.309199,4.838510848,0.692938348,-0.268121528,3.291631341,0.33710777,20389.25296,120.8937344,0.922399034,0.922399034,26486557.6,-51689.94524,5.356861643,0.000675572,7.724756747,0.353776413,0.275364096,0.002768617,20447.39212,280.5107363,78695.34584,5.367658922,120.8937344,2.690115847,-0.354429727,0.981780673,0.980549901,0.998354395,normal
0.151167141,12.98313207,611.2796071,1030.659547,2.93564515,0.363161914,255.7414609,0.07482926,23.83278887,3.848706879,3764.450809,3.641168366,1.326847464,0.636858964,3.963082604,0.271697746,11100.49917,91.28831862,0.973033777,0.973033777,167544948.4,372340.0457,4.850996198,0.000638092,7.888540403,0.382107359,0.307874113,0.003492198,11154.48496,194.4638996,42333.29801,5.635348742,91.28831862,2.598942904,-0.409385731,0.99122519,0.982236207,0.998683669,normal
0.160672777,14.4023549,883.5840366,1290.803099,3.775710941,0.367587906,237.2284328,0.065352168,33.68174372,4.786467714,3647.529752,3.624049099,2.147973094,0.577592347,3.926581677,0.221890349,11972.36018,162.4033361,0.970130491,0.970130491,448358044.4,676916.215,5.228490827,0.002128036,7.830317546,0.410835475,0.340841574,0.036957042,12064.23234,193.2342838,45902.82454,5.643054533,162.4033361,2.614975586,-0.432494097,0.993259434,0.9814221,0.997940403,normal
0.069729682,18.34350864,952.1098297,2423.740724,4.051554569,0.370637369,118.8256753,0.031168766,6.904380672,6.2843183,2181.55368,4.280476178,0.410317627,-0.602748394,3.924511039,0.441031501,14947.01617,63.39862647,0.912559533,0.912559533,11819841,-67967.8213,4.846865176,0.001309507,7.295777562,0.356168552,0.277871541,0.00547037,14973.78141,241.7951191,57505.09614,4.901656437,63.39862647,2.649939382,-0.276787607,0.950410219,0.981944759,0.999053091,normal
0.110426316,13.25242557,790.5156897,1363.097245,2.833453757,0.46177911,222.6762767,0.058212746,17.25329218,5.825547756,3242.769389,3.693908918,0.489922804,-0.243017413,5.442856079,0.442208087,10334.91778,133.0188007,0.865612766,0.865612766,21804282.29,-12380.25774,5.082592196,0.001303845,7.298406351,0.406533832,0.33745859,0.005509198,10410.02911,199.0629486,39473.03256,5.087691957,133.0188007,2.567169127,-0.351859276,0.977452314,0.981782508,0.998153552,normal
0.145408061,13.0964652,565.9784556,975.3569549,2.822275501,0.359110457,261.7064028,0.07319492,24.53745621,3.784748423,3742.207939,3.635716362,1.275754275,0.735231087,4.142319539,0.278815524,10944.94308,90.39144877,0.971968395,0.971968395,160258173.4,393071.2996,4.894975097,0.000648352,7.87064309,0.380710086,0.306783339,0.003031712,10994.83093,193.685203,41728.69061,5.609459809,90.39144877,2.608508824,-0.405371237,0.990683184,0.982061827,0.998689606,normal
0.124889992,17.06962162,1910.322953,1808.661569,5.883856952,0.466461095,45.6066701,0.07480652,3.29074222,7.163490844,829.6553363,4.098630215,1.391141422,0.055968264,3.059247197,0.245291855,14355.80856,391.226847,0.882587485,0.882587485,116586083.2,60521.28881,10.09536982,0.000354323,8.521063674,0.28424942,0.210187217,0.002211663,14591.79943,227.0306712,55243.70122,5.734117385,391.226847,3.267496013,-0.315395027,0.978933519,0.965152688,0.994777317,normal
0.099632029,19.95039851,1616.07206,1741.086126,5.463037634,0.44191098,52.73250907,0.054177519,3.772056743,8.302804858,1008.193651,4.316048098,1.397049662,-0.266390717,2.981622216,0.240993469,16337.21283,285.8084758,0.913686355,0.913686355,121419303.4,-178053.2084,8.828365144,0.00035344,8.458706449,0.29746149,0.22259616,0.001725732,16524.19481,243.5234578,62879.78218,5.723549597,285.8084758,3.157670894,-0.326775582,0.981268188,0.968967128,0.996099545,normal
0.110037691,15.11433966,977.3063274,1440.732901,3.806845806,0.418043059,128.8150314,0.058239379,10.05523997,5.517493384,2325.546255,3.984165687,1.381799803,0.472108252,3.263568472,0.252991102,13689.7807,136.8205027,0.959562149,0.959562149,151804511.1,317366.8593,6.075351661,0.000500093,8.150772217,0.350058073,0.275033836,0.002457633,13818.46747,219.7307146,52415.59493,5.718475284,136.8205027,2.805838142,-0.38501967,0.989571698,0.978025555,0.998034349,normal
0.111274987,16.4477048,861.921744,1606.880615,4.032415074,0.345636728,117.205087,0.050623828,9.371846373,5.156721279,2153.324803,4.045505304,1.095868458,-0.639429789,2.834665105,0.291231359,13703.56729,112.3945784,0.957255769,0.957255769,74150211.43,-259228.3928,5.621322859,0.000573434,8.014730453,0.34111756,0.262559052,0.00299736,13787.90292,223.1223767,52475.01903,5.563303161,112.3945784,2.756794838,-0.359515388,0.984817912,0.979462342,0.998431208,normal
0.092908529,15.4843313,787.8464374,1797.158825,3.501453037,0.369080147,164.9531449,0.042798415,10.78747462,5.066778679,2676.758337,3.994845639,0.377213286,-1.106916711,7.224552261,0.577606857,12389.96545,95.25081324,0.886762969,0.886762969,20294392.46,-97053.24717,5.73717498,0.00107051,7.449148141,0.325841195,0.245975552,0.005363145,12434.9932,219.2450305,47524.84539,4.913239619,95.25081324,2.799895968,-0.250526689,0.938476119,0.978845932,0.998626624,normal
0.1033259,17.38220826,992.0625203,1735.76586,3.863888889,0.369213077,198.8143553,0.040949929,15.53645741,6.014335207,3232.709044,3.998558025,0.88088681,-0.551336755,5.116438764,0.389497946,13153.49429,110.4410303,0.948059481,0.948059481,91176066.34,-167759.1335,5.073868295,0.001001206,7.682263638,0.382594187,0.308880758,0.005716877,13197.66578,220.4101229,50382.88213,5.377367557,110.4410303,2.625475127,-0.366928395,0.983879132,0.981579603,0.998429553,normal
0.112410293,16.29436619,847.8336571,1539.591812,3.98409707,0.351842436,113.7841245,0.053071564,9.348422182,5.19309892,2082.488275,4.029565728,1.11581301,-0.628842065,2.739312988,0.288664065,13578.46236,116.5888257,0.956628884,0.956628884,75065669.44,-261530.8767,5.739944683,0.000562454,8.026920647,0.337715875,0.258998722,0.002805361,13665.76924,221.7530177,51993.13017,5.565383961,116.5888257,2.775910414,-0.357760073,0.984584963,0.979052887,0.998369555,normal
0.152624195,11.8735878,812.2891539,1629.762392,3.753013129,0.370556075,125.3641149,0.081171831,14.31560294,3.612362262,1618.883039,3.511229314,0.939843507,0.270975891,3.311689556,0.308402681,9702.703701,113.3934529,0.950470173,0.950470173,70484212.57,85497.41434,5.72535132,0.000672502,7.941464125,0.351362271,0.274992934,0.005438308,9769.417549,185.6528935,36908.96739,5.509178371,113.3934529,2.765192993,-0.356766268,0.983693837,0.979120985,0.998348656,normal
0.090004468,14.36191862,771.2008993,1720.751287,3.101351351,0.41224771,231.0943204,0.045753121,14.05131114,5.192616925,3968.565359,4.018495252,0.356677648,-0.012694245,4.99045629,0.520748584,11983.75024,97.8269741,0.876006538,0.876006538,10470595.27,56564.71223,3.954206608,0.002401639,6.832312559,0.435896963,0.366571703,0.011234904,12009.91081,215.7622303,45991.83094,4.782745299,97.8269741,2.357213724,-0.348593427,0.971506826,0.985711467,0.998691354,normal
0.109829653,13.5534953,828.4808753,1390.287952,2.909530387,0.45534969,231.2944515,0.055433298,17.91641975,5.95345652,3392.905318,3.706113977,0.525333945,-0.228047417,4.898536198,0.423901234,10477.07244,127.1137728,0.88257841,0.88257841,24145884.75,-6363.477285,5.01559972,0.001211586,7.364682101,0.400765844,0.330461197,0.005669122,10553.67296,199.993411,40003.22612,5.146837991,127.1137728,2.560308204,-0.356868742,0.979258302,0.98197731,0.998230799,normal
0.105158726,17.51321539,697.4033638,1529.818667,3.146847005,0.350508619,276.3424908,0.038174629,24.12440841,5.75475581,4782.179114,4.017421119,1.171311377,-0.751979137,3.409202001,0.29284826,13672.59284,49.2665797,0.982305102,0.982305102,114791293.7,-368381.1885,3.394906695,0.001124936,7.506647274,0.419036088,0.344427844,0.006753515,13697.81816,221.8542811,52339.85339,5.476053155,49.2665797,2.298579839,-0.435274944,0.992241561,0.987343396,0.999335291,normal
0.145570013,17.14429439,1651.372081,3256.557856,4.877769886,0.278834839,515.2879672,0.05373917,52.8606795,4.286027015,7859.851129,3.83964876,1.517841199,-0.309057584,2.19434032,0.231814049,12987.49301,20.75011759,0.99476809,0.99476809,122995563.2,-241634.4222,3.035613721,0.000613556,7.800288168,0.424890113,0.350396637,0.003219624,12988.49436,209.9234181,49599.19196,5.726671608,20.75011759,2.236793271,-0.453894723,0.994768399,0.988445298,0.999684835,normal
0.081345085,18.00892305,1253.561959,1703.604551,3.727037293,0.494141879,213.946254,0.048719748,13.45881925,8.356310243,3517.688403,4.1447758,0.407079405,-0.150517591,5.975583589,0.499450634,13751.78288,235.6942207,0.726014856,0.726014856,14114107.28,-15634.47453,6.605743554,0.001286816,7.405564948,0.383754402,0.315243146,0.005662344,13880.33984,231.8580825,52945.45443,5.008355164,235.6942207,2.775764447,-0.303917313,0.963833196,0.976970553,0.99683321,normal
0.109475261,17.39964732,549.5275696,936.318943,2.512117347,0.372745909,371.2804428,0.04737468,26.36471493,6.187110551,6357.452641,4.063697418,0.947499282,-0.190865803,3.35487045,0.292615248,13849.11906,89.02795938,0.961184224,0.961184224,66252448.51,-42246.47398,3.867489165,0.000856437,7.576354617,0.426191328,0.355485285,0.003783024,13897.70477,225.8172597,53004.9567,5.560847647,89.02795938,2.340759385,-0.448087988,0.993650274,0.985954487,0.998804232,normal
0.125330383,17.84645629,465.9531451,844.0798357,2.666092552,0.316187932,262.340319,0.049303578,25.81590907,5.309193677,4034.166019,3.876367962,1.39066278,-0.347247858,2.251467687,0.246684823,13243.92767,40.77796003,0.988754571,0.988754571,108531411.1,-243064.0593,4.035895417,0.000556194,7.899047733,0.384140479,0.3073914,0.002497075,13246.85921,214.050795,50623.74907,5.664127046,40.77796003,2.486572466,-0.4172941,0.992111617,0.984816242,0.999383932,normal
0.128486713,14.26516887,3116.738794,6451.815086,6.467417063,0.37506881,463.8282661,0.048623193,66.31026465,4.86991784,6505.017359,3.667749029,1.034094382,-0.706980629,4.423274465,0.35998872,10714.10576,93.12370862,0.959649717,0.959649717,99585619.91,-190168.4072,4.210066821,0.001332479,7.511115057,0.408301947,0.334610276,0.012322098,10756.13478,196.0291099,40899.87802,5.299605862,93.12370862,2.464910427,-0.379397481,0.984895828,0.984652335,0.998774821,normal
0.142549215,16.98988884,378.250987,755.3707852,2.547697368,0.297552838,246.4893115,0.055100811,25.57437213,4.319268719,4720.954417,4.079833795,1.926978366,-0.092735123,3.097722485,0.224937872,15396.98825,39.11912254,0.991938687,0.991938687,274775589.7,-55641.90323,3.486366637,0.000679935,7.870022554,0.410189231,0.335160414,0.00439661,15376.57899,228.1532764,58976.4499,5.884754749,39.11912254,2.323400757,-0.486786039,0.996816364,0.986915142,0.999425612,normal
0.079519983,17.57882656,3331.940469,4798.477271,8.393770937,0.436755292,36.78594523,0.043614132,2.107359926,6.746465533,711.1273589,4.290395538,0.674861671,-0.344363725,3.543195038,0.351330822,15197.11246,315.0102134,0.793405396,0.793405396,24823030.82,-39277.42734,10.68023527,0.000373968,8.446983491,0.254722822,0.180764012,0.001860194,15350.56696,241.5962544,58542.05263,5.360474579,315.0102134,3.380010886,-0.207841246,0.92526798,0.962305336,0.995457035,normal
0.052511625,24.8672934,3839.999418,7788.509881,4.952119503,0.364025401,2379.439377,0.020665166,110.3684287,8.834043344,57039.83311,4.788078641,0.627359423,-0.888218906,7.392399171,0.515856199,20162.69245,28.40045772,0.982357587,0.982357587,77644920.96,-187470.156,2.641316338,0.001905892,7.008890209,0.469766806,0.402792935,0.006442244,20174.28044,278.3671228,77831.15208,5.163468216,28.40045772,2.048338305,-0.435473735,0.989784124,0.990069767,0.999577386,normal
0.098036192,18.46302715,2942.517448,3825.145309,6.263550885,0.41339524,195.8954981,0.05181644,13.76256558,7.24053352,3356.311317,4.099085459,1.237760843,0.840472363,4.155069079,0.284734777,14342.10399,186.3921814,0.937328126,0.937328126,141874556.3,436685.5502,5.802755816,0.000658396,8.021780539,0.360406732,0.283831769,0.003419297,14440.18678,227.5832099,55042.705,5.587681848,186.3921814,2.709345522,-0.366100886,0.986088167,0.97947016,0.997578149,normal
0.090036605,20.0491542,2099.385312,4672.302762,4.31582405,0.373294281,787.1907861,0.037882707,64.14474655,7.188932887,15436.95554,4.283016209,1.126797256,-1.164717372,4.624328604,0.336791207,16107.94838,9.802197306,0.996264244,0.996264244,136849299,-536530.4227,1.914048062,0.002096828,6.925163496,0.520760285,0.459558523,0.010881817,16119.58981,243.3369129,61883.14998,5.315049847,9.802197306,1.839449977,-0.506465347,0.995412755,0.992664681,0.999852506,normal
0.195677351,11.02568376,187.4296842,582.5154445,1.503704897,0.274940613,732.4415321,0.058675379,233.1103411,3.008360963,7334.930751,2.963253268,1.436820578,-0.253684518,2.096840069,0.239300412,7022.094205,9.803489881,0.996933647,0.996933647,81717060.09,-107943.7445,1.956306549,0.001669187,7.056616419,0.504872784,0.440422528,0.012662002,7008.319429,147.5351852,26505.42518,5.500417347,9.803489881,1.84036513,-0.538966618,0.997246313,0.992499566,0.999852572,normal
